step,config,method,status,metric_error_val,normalized_perf,seconds,time_limit,pred_mean,pred_std,pred_cost,acquisition,f_best_before,best_error_so_far,elapsed,is_best
1,ExtraTrees_c1_BAG_L1,ExtraTrees,ok,0.1939047619047618,-0.3878095238095236,2.158736883982783,295.52600410000014,-0.3935401166974782,0.21743251613575187,0.40955817192987665,1.4811851381178234,-1.0,0.1939047619047618,6.551953700007289,True
2,ExtraTrees_r67_BAG_L1,ExtraTrees,ok,0.2186285714285714,-0.4372571428571428,0.98663718374155,293.4473335999937,-0.39535166730839805,0.20940517178312076,0.6139471067647269,0.13001720126852462,-0.3878095238095236,0.1939047619047618,7.52733630000148,False
3,CatBoost_c1_BAG_L1,CatBoost,ok,0.1843809523809523,-0.3687619047619046,32.04125703583122,292.4718370999908,-0.3543895993368339,0.05814510232690894,0.001,43.63598340808296,-0.3878095238095236,0.1843809523809523,39.57205430000613,True
4,CatBoost_r141_BAG_L1,CatBoost,ok,0.16342857142857137,-0.32685714285714274,6.227748514676932,260.4270619999879,-0.37565597896018815,0.030137609117946253,0.001,8.889339056842367,-0.3687619047619046,0.16342857142857137,45.80101380000997,True
5,LinearModel_r150_BAG_L1,LinearModel,ok,0.17554285714285722,-0.35108571428571445,0.9340270967804827,254.19827939999232,-0.5003313418582865,0.13751086314929278,1.599286476409069,0.004245884243855143,-0.32685714285714274,0.16342857142857137,46.74043960000563,False
6,LinearModel_r46_BAG_L1,LinearModel,ok,0.1787428571428571,-0.3574857142857142,0.9346900578821078,253.25883919998887,-0.3615711230477292,0.05853783474192929,0.930311399279431,0.010734368707297708,-0.32685714285714274,0.16342857142857137,47.67345250000653,False
7,LinearModel_r25_BAG_L1,LinearModel,ok,0.18270476190476193,-0.36540952380952385,0.8815489510161569,252.32581549999304,-0.3584794504088754,0.04434071624244924,0.9284140894131505,0.0066730034472012876,-0.32685714285714274,0.16342857142857137,48.56021110000438,False
8,KNeighbors_r116_BAG_L1,KNeighbors,ok,0.1780571428571429,-0.3561142857142858,1.2191871223622002,251.43906729998707,-0.4740137244911234,0.11572462076768844,0.001,5.594827659243044,-0.32685714285714274,0.16342857142857137,49.621766200012644,False
9,LightGBM_r78_BAG_L1,LightGBM,ok,0.17180952380952386,-0.3436190476190477,1.215447853144724,250.3773414999887,-0.35724457051505626,0.033578738449319585,0.001,3.341803026058962,-0.32685714285714274,0.16342857142857137,50.841173000007984,False
10,KNeighbors_r169_BAG_L1,KNeighbors,ok,0.2506285714285714,-0.5012571428571428,0.9268985271046404,249.15809449998778,-0.41292632959319076,0.07194959981112474,0.4907815439054727,0.008288320594251511,-0.32685714285714274,0.16342857142857137,51.753243200000725,False
11,KNeighbors_r5_BAG_L1,KNeighbors,ok,0.1969142857142857,-0.3938285714285714,0.9371504828886827,248.24600590000045,-0.38008758054065045,0.07138164744978517,1.3796055844251067,0.00683703402307187,-0.32685714285714274,0.16342857142857137,52.651769500007504,False
12,KNeighbors_r47_BAG_L1,KNeighbors,ok,0.20316190476190477,-0.40632380952380953,1.10660236957483,247.34750910000002,-0.42813459502746337,0.0685421975610395,0.001,2.1136111983638277,-0.32685714285714274,0.16342857142857137,53.66289130000223,False
13,KNeighbors_r198_BAG_L1,KNeighbors,ok,0.19520000000000004,-0.3904000000000001,1.1184907251008553,246.33609939999587,-0.43175609615964045,0.043127009946009334,0.001,0.10638797489275245,-0.32685714285714274,0.16342857142857137,54.68526660000498,False
14,LightGBM_r122_BAG_L1,LightGBM,ok,0.15794285714285716,-0.3158857142857143,2.600413041553111,245.3140155000001,-0.3426805813850522,0.03194494994402615,1.0641382143818623,0.005981090492186302,-0.32685714285714274,0.15794285714285716,57.27761370000371,True
15,LightGBM_r177_BAG_L1,LightGBM,ok,0.1662476190476191,-0.3324952380952382,1.5566421780822566,242.721676199988,-0.34870686445177496,0.02648981809130436,0.001,1.3710874859251152,-0.3158857142857143,0.15794285714285716,58.83912670001155,False
16,KNeighbors_r74_BAG_L1,KNeighbors,ok,0.17318095238095244,-0.34636190476190487,1.0942796153831296,241.1599567999947,-0.37304005543894986,0.03676521638863718,0.001,0.950321208050174,-0.3158857142857143,0.15794285714285716,59.813203000012436,False
17,LightGBM_r41_BAG_L1,LightGBM,ok,0.1526857142857143,-0.3053714285714286,1.1209117691614665,240.18608439998934,-0.3323129196190267,0.026643456011988583,1.6873838030728736,0.0025923299787734707,-0.3158857142857143,0.1526857142857143,60.938820400013356,True
18,KNeighbors_r104_BAG_L1,KNeighbors,ok,0.33737142857142854,-0.6747428571428571,0.8757150279707275,239.06039349999628,-0.4216194898334431,0.06367451648861322,0.001,0.8519130429195968,-0.3053714285714286,0.1526857142857143,61.80311220001022,False
19,KNeighbors_r195_BAG_L1,KNeighbors,ok,0.1715809523809524,-0.3431619047619048,1.0987706982705276,238.19607749998977,-0.3746763655933344,0.033693050136595425,0.001,0.24526428195302713,-0.3053714285714286,0.1526857142857143,62.80610260000685,False
20,LightGBM_r114_BAG_L1,LightGBM,ok,0.15230476190476183,-0.30460952380952366,1.1438221792777767,237.193154099994,-0.3461639764135169,0.024930509565995615,0.001,0.5316922894667195,-0.3053714285714286,0.15230476190476183,63.95471870001347,True
21,LightGBM_r96_BAG_L1,LightGBM,ok,0.1575619047619048,-0.3151238095238096,2.0767215943633346,236.0444482999883,-0.318511625865026,0.034586971017682,1.7012080979855744,0.004671392454099228,-0.30460952380952366,0.15230476190476183,66.03220060000604,False
22,LightGBM_r15_BAG_L1,LightGBM,ok,0.17150476190476194,-0.3430095238095239,1.6212317693134537,233.96703949999937,-0.3122512742167687,0.02881616723832949,1.9834346500387576,0.004072224301364205,-0.30460952380952366,0.15230476190476183,67.65758030000143,False
23,LightGBM_r112_BAG_L1,LightGBM,ok,0.1497142857142857,-0.2994285714285714,1.1149494869459886,232.34158539999044,-0.32466918649527704,0.02923146572320034,1.2735904820885924,0.0033564936546914737,-0.30460952380952366,0.1497142857142857,68.77318570000352,True
24,LightGBM_r174_BAG_L1,LightGBM,ok,0.1495619047619049,-0.2991238095238098,1.6016186708584428,231.22598289999587,-0.3143867457918844,0.026409189855761753,1.4526714374696976,0.003237391630176162,-0.2994285714285714,0.1495619047619049,70.36778130001039,True
25,LightGBM_r13_BAG_L1,LightGBM,ok,0.14361904761904765,-0.2872380952380953,1.1116160344245145,229.63144759999705,-0.3127611986779694,0.02459880784485466,1.2754063367490314,0.0035011848510015597,-0.2991238095238098,0.14361904761904765,71.4831705000106,True
26,LightGBM_r83_BAG_L1,LightGBM,ok,0.14925714285714287,-0.29851428571428573,1.289280778291868,228.51606139999058,-0.3059022969563562,0.023192513429814057,1.3602845858176469,0.002032397557048847,-0.2872380952380953,0.14361904761904765,72.78779070000746,False
27,LightGBM_r176_BAG_L1,LightGBM,ok,0.14826666666666666,-0.2965333333333333,1.2077863733866252,227.21142919998965,-0.3049172006332607,0.021562883329012107,1.305357867562764,0.0019170220233362953,-0.2872380952380953,0.14361904761904765,74.00207850000879,False
28,LightGBM_r65_BAG_L1,LightGBM,ok,0.15558095238095238,-0.31116190476190475,2.31832125717483,225.99713920000067,-0.3009611273490106,0.02062853958902271,1.7353808528413683,0.001800636030255014,-0.2872380952380953,0.14361904761904765,76.32168140000431,False
29,LightGBM_r24_BAG_L1,LightGBM,ok,0.15817142857142852,-0.31634285714285704,1.4441202524176333,223.6775662,-0.3039043071430237,0.019734489337311433,1.569715450465069,0.0013962316407804944,-0.2872380952380953,0.14361904761904765,77.77099580000504,False
30,LightGBM_r181_BAG_L1,LightGBM,ok,0.14095238095238094,-0.2819047619047619,1.79619108964107,222.2282475999964,-0.3038503399864421,0.01889867775975003,1.8792141879268813,0.0010494395063576347,-0.2872380952380953,0.14095238095238094,79.57040880000568,True
31,LightGBM_r5_BAG_L1,LightGBM,ok,0.14979047619047614,-0.2995809523809523,1.9808832086855546,220.42878159999964,-0.3027989158863768,0.01842104143002821,1.6230244979088018,0.0007275067840033999,-0.2819047619047619,0.14095238095238094,81.5502092000097,False
32,KNeighbors_r46_BAG_L1,KNeighbors,ok,0.19150476190476196,-0.3830095238095239,0.9048302766750567,218.44904999999562,-0.38178504848059497,0.05664095521034423,1.376226090278093,0.0006438946235715841,-0.2819047619047619,0.14095238095238094,82.44027590000769,False
33,LightGBM_r121_BAG_L1,LightGBM,ok,0.16266666666666663,-0.32533333333333325,1.6188054223312065,217.55895719998807,-0.30327302424596175,0.018162609848476122,1.772362152362322,0.0006031893207061345,-0.2819047619047619,0.14095238095238094,84.04958890000125,False
34,LightGBM_r184_BAG_L1,LightGBM,ok,0.14712380952380955,-0.2942476190476191,2.4327815470751375,215.9496536999941,-0.30398531000401313,0.017611389436679642,1.891068532587325,0.00046741935298365745,-0.2819047619047619,0.14095238095238094,86.4819070000085,False
35,LightGBM_r29_BAG_L1,LightGBM,ok,0.16342857142857148,-0.32685714285714296,1.2878235695097828,213.51735329999065,-0.30663214969946884,0.01729897150516854,1.4342249771403845,0.0004143945964554353,-0.2819047619047619,0.14095238095238094,87.7732784000109,False
36,LinearModel_r16_BAG_L1,LinearModel,ok,0.20502857142857145,-0.4100571428571429,0.877654399999301,212.22591069999908,-0.36201250232598764,0.04092821262448145,1.1845332191228264,0.00032870956635228137,-0.2819047619047619,0.14095238095238094,88.66786810000485,False
37,LightGBM_r11_BAG_L1,LightGBM,ok,0.15916190476190484,-0.3183238095238097,2.2851591698563425,211.33127769999555,-0.30721098769256466,0.018171799041450235,1.8492295097224158,0.00036623129551004624,-0.2819047619047619,0.14095238095238094,90.96314370000619,False
38,LinearModel_r30_BAG_L1,LinearModel,ok,0.16525714285714277,-0.33051428571428554,0.8467174999968847,209.03603289999592,-0.37215416893227254,0.044118624484120565,1.0861268013674912,0.00030495941852073125,-0.2819047619047619,0.14095238095238094,91.82747730000119,False
39,XGBoost_r88_BAG_L1,XGBoost,ok,0.1877333333333333,-0.3754666666666666,1.472574804953183,208.17175119998865,-0.3389904158656517,0.029993802211829537,1.3651307417652991,0.00024083739783843744,-0.2819047619047619,0.14095238095238094,93.29111140000168,False
40,LightGBM_r157_BAG_L1,LightGBM,ok,0.16129523809523805,-0.3225904761904761,1.1141552064655116,206.70782649998728,-0.30946905118914736,0.018264992373689636,1.3781133208606273,0.0003804063588626743,-0.2819047619047619,0.14095238095238094,94.41134850001254,False
41,LightGBM_r123_BAG_L1,LightGBM,ok,0.15832380952380953,-0.31664761904761907,1.5401939376170048,205.58787309999752,-0.310300410460556,0.017903158548652022,1.4711142793570708,0.0002922723245818832,-0.2819047619047619,0.14095238095238094,95.95682230000966,False
42,LightGBM_r23_BAG_L1,LightGBM,ok,0.15779047619047615,-0.3155809523809523,2.41956062882673,204.04239569998754,-0.3085547618389678,0.017549320828551346,2.1512375674348254,0.00022913439346264108,-0.2819047619047619,0.14095238095238094,98.37525090000418,False
43,LightGBM_r2_BAG_L1,LightGBM,ok,0.14940952380952377,-0.29881904761904754,1.3251600768999197,201.62368429999333,-0.31116753299142685,0.01679035610733595,1.696515365099808,0.00016293535922879928,-0.2819047619047619,0.14095238095238094,99.70961460001126,False
44,LightGBM_r1_BAG_L1,LightGBM,ok,0.16236190476190493,-0.32472380952380986,3.696743522363249,200.2895914999972,-0.31650089949089055,0.020327376966107893,2.498177223698015,0.00014810069821355107,-0.2819047619047619,0.14095238095238094,103.38465070001257,False
45,LinearModel_r165_BAG_L1,LinearModel,ok,0.1622095238095238,-0.3244190476190476,0.8584471000067424,196.614568399993,-0.35491477238855357,0.029027598158420424,1.0128535826424323,5.479046390724283e-05,-0.2819047619047619,0.14095238095238094,104.26341690000845,False
46,LinearModel_r151_BAG_L1,LinearModel,ok,0.17470476190476192,-0.34940952380952384,0.9025336920603877,195.73579049999535,-0.3340781040421973,0.022891875369223266,0.9976517546419599,8.929968783768557e-05,-0.2819047619047619,0.14095238095238094,105.17137170000933,False
47,KNeighbors_r106_BAG_L1,KNeighbors,ok,0.19321904761904762,-0.38643809523809525,1.0773000217159279,194.82782849999785,-0.37142377262900006,0.03544187384081095,1.4406152977833893,4.5504903041689004e-05,-0.2819047619047619,0.14095238095238094,106.20347510000283,False
48,LightGBM_r32_BAG_L1,LightGBM,ok,0.1693714285714285,-0.338742857142857,3.1558238395809894,193.7954877999873,-0.3236648057176651,0.019078639072194075,2.0738935007058474,4.640589640981358e-05,-0.2819047619047619,0.14095238095238094,109.3563193000009,False
49,LightGBM_r9_BAG_L1,LightGBM,ok,0.17638095238095242,-0.35276190476190483,1.3323537054820918,190.64291739999317,-0.3316757944415634,0.019343228299898207,1.1085807065060662,2.7822992927412202e-05,-0.2819047619047619,0.14095238095238094,110.69788040001004,False
50,LightGBM_r17_BAG_L1,LightGBM,ok,0.16281904761904764,-0.3256380952380953,3.179600891598966,189.3007365999947,-0.3208757589176182,0.018056154662176725,2.9128797665944637,3.408213424063711e-05,-0.2819047619047619,0.14095238095238094,113.86941850000585,False
51,KNeighbors_r158_BAG_L1,KNeighbors,ok,0.1930666666666666,-0.3861333333333332,1.0175850379891926,186.12965519999852,-0.3532347485254572,0.02642828519861329,1.0038214750948165,2.8001373136372185e-05,-0.2819047619047619,0.14095238095238094,114.85873720000382,False
52,ExtraTrees_r65_BAG_L1,ExtraTrees,ok,0.19596190476190478,-0.39192380952380956,1.0711221724632196,185.1404232999921,-0.3501567481761692,0.02433883115485703,1.0325343608985413,1.7686429638545426e-05,-0.2819047619047619,0.14095238095238094,115.9116584000003,False
53,LightGBM_r72_BAG_L1,LightGBM,ok,0.16533333333333333,-0.33066666666666666,2.4923532773391344,184.0872204999905,-0.3247312090394471,0.0186287049404079,1.9490923692250257,3.510392305719618e-05,-0.2819047619047619,0.14095238095238094,118.39851350001118,False
54,LightGBM_r152_BAG_L1,LightGBM,ok,0.16533333333333333,-0.33066666666666666,2.779497537325369,181.60047099999792,-0.3227264745742664,0.01780449197874566,2.422648433525343,2.7484471280498618e-05,-0.2819047619047619,0.14095238095238094,121.17277300001297,False
55,LightGBM_r138_BAG_L1,LightGBM,ok,0.14727619047619056,-0.2945523809523811,2.4015241170855006,178.82575609999185,-0.3251312512925208,0.01675406254137266,2.0574256558956336,1.2699925452666894e-05,-0.2819047619047619,0.14095238095238094,123.58267600000545,False
56,LightGBM_r56_BAG_L1,LightGBM,ok,0.14765714285714293,-0.29531428571428586,1.7113401743990835,176.41614509999636,-0.321873016829016,0.017177047313601333,1.8341083481842926,3.168984757885413e-05,-0.2819047619047619,0.14095238095238094,125.30003600000055,False
57,LightGBM_r195_BAG_L1,LightGBM,ok,0.1516952380952381,-0.3033904761904762,1.832337144369376,174.6991527999926,-0.31904096195973286,0.017507747493779324,1.8790243883986073,5.6841398179871474e-05,-0.2819047619047619,0.14095238095238094,127.12187480001012,False
58,LightGBM_r99_BAG_L1,LightGBM,ok,0.15558095238095238,-0.31116190476190475,2.8195645783416694,172.87698079999245,-0.3153926687089883,0.016669440384455458,2.418807187099203,5.7127600912714794e-05,-0.2819047619047619,0.14095238095238094,129.9301121000026,False
59,LightGBM_r22_BAG_L1,LightGBM,ok,0.15596190476190486,-0.3119238095238097,1.4234881057054736,170.06855179999548,-0.3144377264607698,0.015447432503217357,1.855995101870053,5.2943795176916295e-05,-0.2819047619047619,0.14095238095238094,131.3585058000026,False
60,LightGBM_r88_BAG_L1,LightGBM,ok,0.15276190476190477,-0.30552380952380953,1.628821744612651,168.6406963999907,-0.31359740306793593,0.014686924223040238,1.7162177425442757,4.7110778391363885e-05,-0.2819047619047619,0.14095238095238094,132.99224980000872,False
61,LightGBM_r175_BAG_L1,LightGBM,ok,0.14742857142857146,-0.29485714285714293,1.2260448714077938,167.00693419999152,-0.31553716662683506,0.014830737101037737,1.2280382816924202,4.85792630908735e-05,-0.2819047619047619,0.14095238095238094,134.22623190000013,False
62,XGBoost_r22_BAG_L1,XGBoost,ok,0.15900952380952382,-0.31801904761904765,4.002948155917693,165.772982399998,-0.31650648992987396,0.018275371961911053,3.248876618761636,6.326415459551999e-05,-0.2819047619047619,0.14095238095238094,138.20408690000477,False
63,LightGBM_r124_BAG_L1,LightGBM,ok,0.15931428571428574,-0.3186285714285715,1.336585989149171,161.79382449999684,-0.31178246005986404,0.013972409653266212,1.3706797694797273,5.927621032630344e-05,-0.2819047619047619,0.14095238095238094,139.5556462000095,False
64,LightGBM_r153_BAG_L1,LightGBM,ok,0.1606857142857142,-0.3213714285714284,1.5075910148298135,160.4434443999926,-0.31116290039668343,0.013756223784745211,1.815557911543412,4.5486492048089364e-05,-0.2819047619047619,0.14095238095238094,141.06781960000808,False
65,LightGBM_r150_BAG_L1,LightGBM,ok,0.15466666666666662,-0.30933333333333324,1.558155312537565,158.93105659999128,-0.3141582494003845,0.013872437779386525,1.6247569195053424,2.904781791538277e-05,-0.2819047619047619,0.14095238095238094,142.63438090001,False
66,LightGBM_r116_BAG_L1,LightGBM,ok,0.15489523809523797,-0.30979047619047595,1.213851810010965,157.3638202000002,-0.3158750817573024,0.013511245663327358,1.0487721215598347,2.4703686867938276e-05,-0.2819047619047619,0.14095238095238094,143.86126070001046,False
67,LightGBM_r186_BAG_L1,LightGBM,ok,0.15481904761904774,-0.3096380952380955,1.5517025356384693,156.13788999999815,-0.3131551598281316,0.012901187286580441,1.517837135662245,2.1616461467873115e-05,-0.2819047619047619,0.14095238095238094,145.41705360000196,False
68,LightGBM_r149_BAG_L1,LightGBM,ok,0.16510476190476187,-0.33020952380952373,2.091937762204907,154.58210929999768,-0.31181629674149425,0.013041953026116855,2.6194932485826294,1.8581144575705978e-05,-0.2819047619047619,0.14095238095238094,147.5018265000108,False
69,LightGBM_r180_BAG_L1,LightGBM,ok,0.1542095238095238,-0.3084190476190476,1.9003281883778982,152.49732859998767,-0.3136855534176492,0.01301608856973049,1.887233632684677,1.653724030586402e-05,-0.2819047619047619,0.14095238095238094,149.39665230001265,False
70,LightGBM_r90_BAG_L1,LightGBM,ok,0.15527619047619046,-0.3105523809523809,1.2898663576779654,150.6024771999946,-0.31389578653828654,0.012632442559381195,1.5244767145401412,1.501182101349745e-05,-0.2819047619047619,0.14095238095238094,150.6945306000125,False
71,LightGBM_r19_BAG_L1,LightGBM,ok,0.1565714285714287,-0.3131428571428574,1.5781622071226593,149.30460529999982,-0.31437302776637116,0.012616740700513076,1.527483913327126,1.3154983976260246e-05,-0.2819047619047619,0.14095238095238094,152.27945570000156,False
72,ExtraTrees_r140_BAG_L1,ExtraTrees,ok,0.21653333333333347,-0.43306666666666693,0.9690753264876548,147.71966649999376,-0.4204181783273634,0.045673472522170966,1.1849633546782345,1.3117371982565208e-05,-0.2819047619047619,0.14095238095238094,153.24442990000534,False
73,LightGBM_r130_BAG_L1,LightGBM,ok,0.1488761904761905,-0.297752380952381,1.841096342439414,146.7546619999921,-0.31432709787228996,0.012662340110146489,2.249531863373247,9.33714656391246e-06,-0.2819047619047619,0.14095238095238094,155.09098880000238,False
74,LightGBM_r67_BAG_L1,LightGBM,ok,0.15017142857142862,-0.30034285714285724,1.2338465733191697,144.90816499998618,-0.31495060141045284,0.01238833744648869,1.2934335185319328,1.1287188101504794e-05,-0.2819047619047619,0.14095238095238094,156.33144220001122,False
75,LightGBM_r18_BAG_L1,LightGBM,ok,0.16167619047619042,-0.32335238095238084,1.468220211492735,143.66770890000043,-0.31464858525287853,0.012402146068465054,1.8472030888661406,8.642343308159568e-06,-0.2819047619047619,0.14095238095238094,157.80519389999972,False
76,KNeighbors_r151_BAG_L1,KNeighbors,ok,0.19794285714285698,-0.39588571428571395,0.9498135290195933,142.1939765999996,-0.3572999092670082,0.024369118963832297,0.9509361786584194,7.001958166189313e-06,-0.2819047619047619,0.14095238095238094,158.7343610000098,False
77,LightGBM_r107_BAG_L1,LightGBM,ok,0.15931428571428574,-0.3186285714285715,1.6352803137269802,141.26437779999105,-0.31518137275812164,0.012971058744803615,2.116587883704971,1.0009182349145354e-05,-0.2819047619047619,0.14095238095238094,160.37548349999997,False
78,CatBoost_r189_BAG_L1,CatBoost,ok,0.16114285714285714,-0.3222857142857143,13.546897314678063,139.62364929998876,-0.3117147462318975,0.013313853364294932,7.1394880743572,8.150642626863263e-06,-0.2819047619047619,0.14095238095238094,173.92675570001302,False
79,CatBoost_r149_BAG_L1,CatBoost,ok,0.16647619047619044,-0.3329523809523809,2.5391994662350044,126.07239889999619,-0.32634947816874105,0.013092097769134812,0.001,0.0011578297979082384,-0.2819047619047619,0.14095238095238094,176.47291350000887,False
80,LightGBM_r120_BAG_L1,LightGBM,ok,0.15763809523809524,-0.3152761904761905,1.6111132833611919,123.5262425999972,-0.3162297861172311,0.012160251686672265,1.5437201094812194,5.553664269783532e-06,-0.2819047619047619,0.14095238095238094,178.09600450001017,False
81,LightGBM_r193_BAG_L1,LightGBM,ok,0.1632,-0.3264,1.39836902715615,121.90212129999418,-0.3172537207230367,0.012223231641825084,1.525917882956164,4.460922754204674e-06,-0.2819047619047619,0.14095238095238094,179.50751200001105,False
82,LightGBM_r128_BAG_L1,LightGBM,ok,0.15070476190476212,-0.30140952380952424,1.4236049023456872,120.49111059999268,-0.3193928407401942,0.012260984140011828,1.235438980306383,3.0909045438004224e-06,-0.2819047619047619,0.14095238095238094,180.94264760000806,False
83,XGBoost_r60_BAG_L1,XGBoost,ok,0.1600761904761906,-0.3201523809523812,1.6295067789469613,119.05558939999901,-0.3176754652794854,0.013118553607020382,2.849537892437497,4.470608553868456e-06,-0.2819047619047619,0.14095238095238094,182.5633327000105,False
84,LightGBM_r7_BAG_L1,LightGBM,ok,0.1508571428571428,-0.3017142857142856,1.1840815169853158,117.43582539999625,-0.31835923975218267,0.01203500175276432,1.138898945845729,3.6432751154079992e-06,-0.2819047619047619,0.14095238095238094,183.75526400000672,False
85,LightGBM_r156_BAG_L1,LightGBM,ok,0.15718095238095242,-0.31436190476190484,1.408057852910133,116.2435078999988,-0.31665092938418193,0.012119453077356982,1.664171537381107,4.417933736305535e-06,-0.2819047619047619,0.14095238095238094,185.15948700001172,False
86,XGBoost_r168_BAG_L1,XGBoost,ok,0.15832380952380964,-0.3166476190476193,2.02131235707202,114.8396209999919,-0.31540427709915947,0.011894520307844986,2.2617146964392485,3.7879733072733534e-06,-0.2819047619047619,0.14095238095238094,187.1704269000038,False
87,LightGBM_r71_BAG_L1,LightGBM,ok,0.15634285714285734,-0.3126857142857147,1.2804536433395697,112.82827779999934,-0.31693445455373936,0.011709146427747182,1.5943429789461487,2.8905149205713335e-06,-0.2819047619047619,0.14095238095238094,188.4594819000049,False
88,KNeighbors_r56_BAG_L1,KNeighbors,ok,0.38476190476190486,-0.7695238095238097,0.9703379213751759,111.53897769999458,-0.7234579413550908,0.11869308378660103,1.0994924076542945,2.573120814222309e-06,-0.2819047619047619,0.14095238095238094,189.39570140000433,False
89,LightGBM_r142_BAG_L1,LightGBM,ok,0.1446857142857143,-0.2893714285714286,1.1131386458146153,110.60334969998803,-0.3191743757909701,0.011796637968703061,1.0637279336762082,2.3870236982599476e-06,-0.2819047619047619,0.14095238095238094,190.51896169999964,False
90,LightGBM_r158_BAG_L1,LightGBM,ok,0.15108571428571427,-0.30217142857142854,1.210550778065226,109.47964259999571,-0.3160654496781029,0.011790236813624164,1.0644381750557446,6.054409372691691e-06,-0.2819047619047619,0.14095238095238094,191.74236170000222,False
91,LightGBM_r34_BAG_L1,LightGBM,ok,0.158552380952381,-0.317104761904762,1.141604225631454,108.2567529999942,-0.3194640921184784,0.012195504460607692,0.7887384248246717,4.445458957675945e-06,-0.2819047619047619,0.14095238095238094,192.8918080000003,False
92,LightGBM_r178_BAG_L1,LightGBM,ok,0.15459047619047628,-0.30918095238095256,1.2615882404206786,107.1073400999885,-0.3158792988799426,0.011463955587561357,1.2996199086346156,3.831330646738655e-06,-0.2819047619047619,0.14095238095238094,194.1610071000032,False
93,LightGBM_r151_BAG_L1,LightGBM,ok,0.15961904761904766,-0.3192380952380953,1.1564457904023584,105.83810119998816,-0.31578730951793027,0.011377975766149455,1.3191220042998952,3.563023267739365e-06,-0.2819047619047619,0.14095238095238094,195.32449780000024,False
94,LightGBM_r49_BAG_L1,LightGBM,ok,0.15382857142857143,-0.30765714285714285,1.1054672616446624,104.67461829999229,-0.31691339456614914,0.011222559546046975,1.1218117329042578,2.4909963868957536e-06,-0.2819047619047619,0.14095238095238094,196.43710250000004,False
95,LightGBM_r37_BAG_L1,LightGBM,ok,0.16342857142857148,-0.32685714285714296,1.643411918063066,103.56194539999706,-0.31658520977011373,0.011265552265412334,1.7300973747088495,1.8810190815947513e-06,-0.2819047619047619,0.14095238095238094,198.08393420001084,False
96,LightGBM_r199_BAG_L1,LightGBM,ok,0.16266666666666663,-0.32533333333333325,1.1457518555835122,101.91488989999925,-0.31834575463924264,0.011190605910949971,1.0384864941958951,1.6171345449927907e-06,-0.2819047619047619,0.14095238095238094,199.23894230001315,False
97,XGBoost_r15_BAG_L1,XGBoost,ok,0.15748571428571434,-0.3149714285714287,1.5717950681282673,100.76008879998699,-0.32173697925829636,0.012670314386205321,2.372670236296107,1.217070668075467e-06,-0.2819047619047619,0.14095238095238094,200.79707260000578,False
98,XGBoost_r93_BAG_L1,XGBoost,ok,0.1622095238095238,-0.3244190476190476,1.2416376755427336,99.20200579999073,-0.3191525949372368,0.01124978961485352,1.4587497265613707,9.413476701901507e-07,-0.2819047619047619,0.14095238095238094,202.0326488000137,False
99,LightGBM_r91_BAG_L1,LightGBM,ok,0.1590095238095237,-0.3180190476190474,1.1961746981542092,97.96641689998796,-0.32106385397898474,0.011233622364401617,0.8500197758575283,8.174368162269767e-07,-0.2819047619047619,0.14095238095238094,203.23688320000656,False
100,LightGBM_r45_BAG_L1,LightGBM,ok,0.16060952380952387,-0.32121904761904774,1.3079901320888894,96.7622612999985,-0.3226901980287812,0.011664369468055356,1.0641406802358353,6.497962308338978e-07,-0.2819047619047619,0.14095238095238094,204.55048530000204,False
101,KNeighbors_r167_BAG_L1,KNeighbors,ok,0.21127619047619062,-0.42255238095238123,0.9805599913524929,95.4486184999987,-0.43122004824729215,0.039261805318189236,1.0786736950474272,6.116290609343041e-07,-0.2819047619047619,0.14095238095238094,205.49228730000323,False
102,LightGBM_r108_BAG_L1,LightGBM,ok,0.15916190476190484,-0.3183238095238097,1.5684271756763337,94.50683589999971,-0.3174469051716724,0.010348179035639489,1.8597254780784322,4.2123911795892775e-07,-0.2819047619047619,0.14095238095238094,207.06431420000445,False
103,XGBoost_r106_BAG_L1,XGBoost,ok,0.16099047619047624,-0.3219809523809525,2.0388709967955947,92.93477249999705,-0.31968981836289406,0.010818554433321356,2.018848786113608,3.227195472409158e-07,-0.2819047619047619,0.14095238095238094,209.0921873000043,False
104,KNeighbors_r3_BAG_L1,KNeighbors,ok,0.24377142857142864,-0.4875428571428573,0.9123582274478395,90.90661009999167,-0.41615726658188873,0.03401744522437161,1.0516751458734785,2.9248755203986244e-07,-0.2819047619047619,0.14095238095238094,209.97806700000365,False
105,XGBoost_r160_BAG_L1,XGBoost,ok,0.15489523809523809,-0.30979047619047617,1.6232440647727344,90.02104909998889,-0.3170269010838992,0.011171428595128093,2.9166622628658234,8.723664909300373e-07,-0.2819047619047619,0.14095238095238094,211.5952976000117,False
106,LightGBM_r4_BAG_L1,LightGBM,ok,0.16944761904761907,-0.33889523809523814,1.3498973385139834,88.40380699999514,-0.3194129054210783,0.010916215579628475,1.390694467544679,5.910359514196312e-07,-0.2819047619047619,0.14095238095238094,212.9496829000127,False
107,XGBoost_r166_BAG_L1,XGBoost,ok,0.16015238095238105,-0.3203047619047621,1.7534235632192576,87.04942579999624,-0.31798115518330144,0.010955583977989307,2.1676457150344914,6.606334838501811e-07,-0.2819047619047619,0.14095238095238094,214.6948517000128,False
108,XGBoost_r161_BAG_L1,XGBoost,ok,0.16464761904761915,-0.3292952380952383,2.165718842356,85.30421539999952,-0.31831999463113736,0.01095099667017437,2.402743338309826,5.267776964423922e-07,-0.2819047619047619,0.14095238095238094,216.85782480001217,False
109,XGBoost_r50_BAG_L1,XGBoost,ok,0.1567238095238095,-0.313447619047619,1.3577228641952388,83.14118120000057,-0.32054995407822706,0.01077181703893794,1.5646206416195894,2.8315249283435035e-07,-0.2819047619047619,0.14095238095238094,218.2154884000047,False
110,CatBoost_r129_BAG_L1,CatBoost,ok,0.16175238095238098,-0.32350476190476196,11.503670997946756,81.7835303999891,-0.3167709482280782,0.01098324090093162,8.648977897026512,2.5851517650085507e-07,-0.2819047619047619,0.14095238095238094,229.72356930001115,False
111,LightGBM_r143_BAG_L1,LightGBM,ok,0.15710476190476197,-0.31420952380952394,1.6004985782928998,70.2755468999967,-0.3207738242907439,0.010772913512806119,1.986149742962587,2.053096325410817e-07,-0.2819047619047619,0.14095238095238094,231.32781990000512,False
112,LightGBM_r173_BAG_L1,LightGBM,ok,0.16358095238095238,-0.32716190476190476,1.412038046400994,68.67118519998621,-0.32182788359336495,0.010674645624924593,1.3443058570705007,1.7416473748612573e-07,-0.2819047619047619,0.14095238095238094,232.74797850000323,False
113,LightGBM_r198_BAG_L1,LightGBM,ok,0.15946666666666665,-0.3189333333333333,1.2833937563555082,67.25103559999843,-0.32050697445819176,0.010228474035988045,1.3816531822819709,1.4071600143200084e-07,-0.2819047619047619,0.14095238095238094,234.0391207000066,False
114,XGBoost_r16_BAG_L1,XGBoost,ok,0.158552380952381,-0.317104761904762,1.3600146382523235,65.9599104999943,-0.3211827081490044,0.010251705135188416,1.314336597238842,1.1616950006503504e-07,-0.2819047619047619,0.14095238095238094,235.39382860000478,False
115,CatBoost_r174_BAG_L1,CatBoost,ok,0.15900952380952382,-0.31801904761904765,1.5433798822923563,64.60526259998733,-0.3218871756980904,0.010740853782687387,3.8279074102249955,6.623171517106855e-08,-0.2819047619047619,0.14095238095238094,236.94699000001128,False
116,CatBoost_r145_BAG_L1,CatBoost,ok,0.169904761904762,-0.339809523809524,1.758728767890716,63.05208799999673,-0.3280352596489664,0.010686285309470795,0.1981995667192758,9.033681366598096e-08,-0.2819047619047619,0.14095238095238094,238.71041360001254,False
117,LightGBM_r74_BAG_L1,LightGBM,ok,0.16015238095238105,-0.3203047619047621,2.1393766290857457,61.28842009999789,-0.32149774673668285,0.010124492395255246,1.866279553836434,5.739747882526287e-08,-0.2819047619047619,0.14095238095238094,240.85243430000264,False
118,LightGBM_r57_BAG_L1,LightGBM,ok,0.16510476190476187,-0.33020952380952373,1.3822012208256638,59.146615299992845,-0.32507521449975585,0.010513256304804989,1.2072403535669118,3.8646113642447445e-08,-0.2819047619047619,0.14095238095238094,242.23978750000242,False
119,CatBoost_r71_BAG_L1,CatBoost,ok,0.15885714285714292,-0.31771428571428584,3.902283199990052,57.75928639998892,-0.3204219763501937,0.010085350202369857,5.44967822880478,2.9041627087451466e-08,-0.2819047619047619,0.14095238095238094,246.16290590001154,False
120,XGBoost_r144_BAG_L1,XGBoost,ok,0.15375238095238108,-0.30750476190476217,1.1116884644143283,53.83616759999131,-0.3243606320251628,0.010086861601966661,1.1867160378335504,2.35684849981034e-08,-0.2819047619047619,0.14095238095238094,247.26919640001142,False
121,XGBoost_r155_BAG_L1,XGBoost,ok,0.16198095238095256,-0.3239619047619051,2.3991851981263608,52.729842099986854,-0.3225463664996078,0.01011644056904579,2.736075735486208,2.445666860465621e-08,-0.2819047619047619,0.14095238095238094,249.6566138000053,False
122,CatBoost_r67_BAG_L1,CatBoost,ok,0.1620571428571428,-0.3241142857142856,1.5775911999953678,50.34243719998631,-0.3237700131327844,0.010003020302061441,1.708883964502589,1.811179226785414e-08,-0.2819047619047619,0.14095238095238094,251.25414780000574,False
123,XGBoost_r49_BAG_L1,XGBoost,ok,0.1490285714285714,-0.2980571428571428,1.2956658374896506,48.744836199999554,-0.32446656197006396,0.00982793984275803,1.192180266175533,1.2933142842896524e-08,-0.2819047619047619,0.14095238095238094,252.5431954000087,False
124,XGBoost_r45_BAG_L1,XGBoost,ok,0.15984761904761902,-0.31969523809523803,1.553269749158062,47.45585809998738,-0.32287262500939806,0.01041318331220036,1.5491898539697906,6.415679212695242e-08,-0.2819047619047619,0.14095238095238094,254.08409709999978,False
125,XGBoost_r117_BAG_L1,XGBoost,ok,0.15260952380952397,-0.30521904761904795,1.1904834583983757,45.9146444999933,-0.32406157337311414,0.010453668224912548,1.352736074834888,4.773717331197138e-08,-0.2819047619047619,0.14095238095238094,255.27333640000143,False
126,XGBoost_r38_BAG_L1,XGBoost,ok,0.1623619047619047,-0.3247238095238094,1.347940848543658,44.725703199990676,-0.3221863126770345,0.010394886580513539,1.2491587882730255,1.0268145330366518e-07,-0.2819047619047619,0.14095238095238094,256.60308500000974,False
127,XGBoost_r100_BAG_L1,XGBoost,ok,0.16502857142857152,-0.33005714285714305,1.3987380736216437,43.39598249999108,-0.32513923229265385,0.010902130512448701,1.5029425632412743,6.031139921966857e-08,-0.2819047619047619,0.14095238095238094,257.9971014000039,False
128,XGBoost_r143_BAG_L1,XGBoost,ok,0.1693714285714285,-0.338742857142857,1.5572961516299983,42.00192949999473,-0.32376570896644985,0.010344370547686449,1.4646238133509282,4.098188056996028e-08,-0.2819047619047619,0.14095238095238094,259.54603870000574,False
129,XGBoost_r165_BAG_L1,XGBoost,ok,0.1627428571428572,-0.3254857142857144,1.8890108708874322,40.453034199992544,-0.32211692096894606,0.010272212719565414,2.05046252945552,5.2080156196620796e-08,-0.2819047619047619,0.14095238095238094,261.424425300007,False
130,LightGBM_r6_BAG_L1,LightGBM,ok,0.15908571428571427,-0.31817142857142855,1.4055100153782405,38.57464869999967,-0.3240615123099496,0.010336935784412676,1.5976618463968473,3.258714486788007e-08,-0.2819047619047619,0.14095238095238094,262.8365608000022,False
131,LightGBM_r200_BAG_L1,LightGBM,ok,0.15847619047619044,-0.3169523809523809,1.2091737098089652,37.162022299991804,-0.32399081563471227,0.010158496329503447,1.200491085832913,3.178715275255301e-08,-0.2819047619047619,0.14095238095238094,264.05152310000267,False
132,XGBoost_r178_BAG_L1,XGBoost,ok,0.1628952380952381,-0.3257904761904762,1.9271683449915145,35.947537399988505,-0.32321676459090726,0.010173137221359785,1.8115149186219903,3.058275229928034e-08,-0.2819047619047619,0.14095238095238094,265.9665822000097,False
133,CatBoost_r181_BAG_L1,CatBoost,ok,0.16297142857142866,-0.3259428571428573,2.049080331955338,34.03234629999497,-0.32198801955539774,0.010198809833583724,3.7906003458153346,2.613814383126917e-08,-0.2819047619047619,0.14095238095238094,268.0197348000074,False
134,CatBoost_r105_BAG_L1,CatBoost,ok,0.1657142857142857,-0.3314285714285714,3.451308717892971,31.979281099993386,-0.32288264283076756,0.010151337602775137,3.244127293312139,1.899030405882906e-08,-0.2819047619047619,0.14095238095238094,271.47159620000457,False
135,LightGBM_r61_BAG_L1,LightGBM,ok,0.16030476190476173,-0.32060952380952346,1.6893831470661098,28.527344999994966,-0.32412727853787027,0.009994360672261478,1.5620259365296354,1.6504140305621943e-08,-0.2819047619047619,0.14095238095238094,273.16369790000317,False
136,LinearModel_r139_BAG_L1,LinearModel,ok,0.16678095238095247,-0.33356190476190495,0.8465495999989798,26.835365099992487,-0.33292322864622736,0.011559691824411885,0.9799865669614765,1.2462696140825988e-08,-0.2819047619047619,0.14095238095238094,274.0293127000041,False
137,XGBoost_r33_BAG_L1,XGBoost,ok,0.15398095238095244,-0.3079619047619049,1.306361185881542,25.969727199990302,-0.3253502523464367,0.00997904087973085,1.3507313728047508,1.039248627898504e-08,-0.2819047619047619,0.14095238095238094,275.3263975000009,False
138,XGBoost_r187_BAG_L1,XGBoost,ok,0.16159999999999997,-0.32319999999999993,1.0854523551242892,24.672606199994334,-0.32492182660165847,0.010163212684738097,1.189870600278119,2.1229778029664177e-08,-0.2819047619047619,0.14095238095238094,276.40810030000284,False
139,XGBoost_r163_BAG_L1,XGBoost,ok,0.1568761904761905,-0.313752380952381,1.2490428934397642,23.59092979998968,-0.32477631881483715,0.009972574617467832,1.323481836627974,1.3733694636874497e-08,-0.2819047619047619,0.14095238095238094,277.65435380001145,False
140,XGBoost_r23_BAG_L1,XGBoost,ok,0.1645714285714286,-0.3291428571428572,2.172195897073834,22.3443843999994,-0.32317628107868024,0.009779112058741527,1.7198319732303182,1.495950092855307e-08,-0.2819047619047619,0.14095238095238094,279.81429670000216,False
141,XGBoost_r182_BAG_L1,XGBoost,ok,0.16213333333333335,-0.3242666666666667,1.34557888044219,20.18469229999755,-0.3246685317116724,0.0098827059972435,1.4746041452029468,1.0693266199111466e-08,-0.2819047619047619,0.14095238095238094,281.15303090000816,False
142,LightGBM_r189_BAG_L1,LightGBM,ok,0.1727238095238095,-0.345447619047619,1.1524129567551427,18.845790999999736,-0.3280355606539259,0.010460607872328855,1.2714073518576128,8.841522554900163e-09,-0.2819047619047619,0.14095238095238094,282.31581520001055,False
143,CatBoost_r22_BAG_L1,CatBoost,ok,0.16434285714285723,-0.32868571428571447,11.634744417111506,17.683166399991023,-0.3198027238771596,0.009903701564502305,12.450473141623517,1.2088249505366265e-08,-0.2819047619047619,0.14095238095238094,293.95480040000984,False
144,XGBoost_r196_BAG_L1,XGBoost,ok,0.16525714285714288,-0.33051428571428576,1.4550152010342572,6.044035099999746,-0.32505507184457116,0.009780550805463254,1.5551676622171724,6.6970211824092975e-09,-0.2819047619047619,0.14095238095238094,295.4005252000061,False
